,name,price,status,shipping,free_returns,items_sold
1,Maveric Cricket Bat,17500,Brand New,1500,False,
2,New ListingUzi Sports Test Cricket Bat - Phoenix,45000,New (Other),1084,False,
3,Gray Nicholls Grade 1 Cricket Bat,27500,Pre-Owned,1015,False,
4,GM Siren 909 Cricket Bat,2999,New (Other),1925,False,
5,BDM MASTER BLASTER GRADE 2 ENGLISH WILLOW CRICKET BAT,16500,Brand New,1425,False,
6,New ListingNB 1260 Players Edition Cricket Bat,15999,Pre-Owned,2295,False,
7,BDM DYNAMIC SUPER GRADE 1 ENGLISH WILLOW CRICKET BAT,27500,Brand New,1425,False,
8,NEW Zeepk Tennis Tape Soft Ball Cricket Bat Full Size Hand Made Kashmir Willow,3699,Brand New,0,True,
9, English Willow Grade 1+ Cricket Bat,14000,Brand New,,False,
10,Insignia County SH Cricket Bat,20000,Brand New,1930,False,
11,New ListingBDM Armstrong Cricket Bat & Bag REGD.NO. A20740/78 MILLENNIUM CERTIFIED CO.,10000,Pre-Owned,2192,True,
12,Gunn & Moore - GM Travis Head Player Edition Cricket Bat ,55000,Brand New,1144,False,
13,Grand Edition Cricket Bat English Willow,8900,Brand New,0,False,
14,Custom made Grade 1 English Willow Cricket Bat + Free Bat Cover + Free Toe Guard,12500,Brand New,0,True,0
15,MRF Elite English Willow Cricket Bat(SH) - 2.8.5 lb.oz(1147 g),10000,New (Other),2287,False,
16,New ListingPro series Cricket Bat,7999,Pre-Owned,930,False,
17,Gray-Nicolls Elite Adult Cricket Bat,44383,Brand New,0,False,0
18,"Pioneer "" T20 "" English Willow Cricket Bat",4999,Brand New,899,False,
19,CA 15000 PLUS CRICKET BAT,40000,Brand New,0,False,
20,2 MB Malik Tape & Tennis Ball Cricket Bat BOOM BOOM,6900,Brand New,1299,False,
21,New ListingCA cricket bat 8000 plus,10000,Pre-Owned,2295,False,
22,BAS Vampire Commander English willow cricket bat 2019-2020 Model,26999,Brand New,0,False,0
23, English Willow Grade 1+ Cricket Bat,13500,Brand New,,False,
24,Rare Vintage SP Saint Peter Master Cricket bat English Willow 3.5 Lbs ! St Peter,16486,Pre-Owned,5187,False,
25, English Willow Grade 1+ Cricket Bat,13500,Brand New,,False,
26,English Willow Cricket Bat,9632,Brand New,1482,False,0
27,"Gray Nicolls Legend, JS Wright Player edition Grade 1 English Willow Cricket Bat",15500,Brand New,4500,False,
28,TON Genuine Jonny Bairstow Cricket Bat - English Willow - NEW,9000,Brand New,5470,False,
29,MRF elite cricket bat,58000,New (Other),2100,False,
30,Custom Made English Willow Cricket Bat (NURTURED IN INDIA) Full Size Bat ,3990,Brand New,0,False,
31,Purple English GRAY-NICOLLS Cricket Bat | Free Shipping ,12349,Pre-Owned,0,False,
32,Grade 3-4 english willow cricket bat,6000,Brand New,1425,False,
33,Hamleys Cricket Bat Gray Nicolls GN Scoop Select-Weighs 2 LBS. 4.8 OZ.,6000,Pre-Owned,1425,True,
34, English Willow Grade 1+ Cricket Bat,13500,Brand New,,False,
35,Cricket Bat,5500,Brand New,0,False,
36,English willow cricket bat,16200,New (Other),2115,False,
37,Vintage Gunn & Moore Cricket Bat Flare DXM,10000,Pre-Owned,0,False,
38,MRF Grand 1.0 Cricket Bat,37500,New (Other),2000,False,
39,Plain English Willow Cricket Bat Grade 1st +Free MRF Genius Emboss Sticker,8037,Brand New,0,False,29
40,SS Limited Edition GRADE 1 ENGLISH WILLOW CRICKET BAT 2.9 Low Profile,28200,Brand New,500,False,0
41,New Balance Cricket Bat Handle Grips- Premium Quality Non Slip Multi Color Grips,9261,Brand New,1852,False,
42,Cricket Bat Handle Grips- Premium Quality OCTOPUS Non Slip Black CW,5186,Brand New,1852,False,
43,cricket bat Seven Plus Cata Willow,3095,Pre-Owned,1695,False,
44,Cricket Bat Grip Colorful,800,Brand New,0,False,
45,cricket bat,45000,Brand New,0,False,0
46,Players Cricket Bat 41mm Edge 65mm Spine 30mm Toe  English Willow Bat,24900,New (Other),0,False,
47,New Balance DC580 DC 580 English Willow Cricket Bat Grade 4 Barely Used 5*SELLER,12999,Pre-Owned,6950,False,
48,cricket bat,33300,Brand New,2115,False,
49,Blankbats Limited edition B4 cricket bat,35000,Brand New,1355,False,
50,English Willow Grade 1 Cricket Bat,30000,Pre-Owned,2115,False,
51,Brand New B3 Custom English Willow Cricket Bat,27000,Brand New,2795,False,
52, English Willow Grade 1+ Cricket Bat - MAK,13200,Brand New,2115,False,
53, English Willow Cricket Bat Grade 1,16000,Pre-Owned,1795,False,
54,Kookaburra Sword Mini Cricket Bat Hand Crafted in Australia ,3675,Pre-Owned,550,False,
55,Gray Nicolls Predator 3 Halestorm Cricket Bat ,50000,New (Other),1084,False,
56,New ListingUzi Sports Test Cricket Bat - Green Mamba,45000,Brand New,1084,False,
57,SG IK Ultimate Cricket Bat - Ishan Kishan ,35000,Brand New,1084,False,
58,CA Sports Power Cricket Bat Orange English Willow,6999,New (Other),1465,False,
59,Gray Nicolls Pro Performance Cricket Bat ,50000,Brand New,1084,False,0
60,Cricket Bat Handle Grips- Premium Quality OCTOPUS Non Slip Multi Color Grips,5186,Brand New,1852,False,
61,Cricket Bat Handle Grips- Premium Quality Pro Impact Non Slip Multi Color Grips,5186,Brand New,1852,False,
63,Cricket Bat Grips- Premium Quality Pro Impact Non Slip Purple Pack Of 1,814,Brand New,1852,False,
64,Cricket Bat Grips- Premium Quality Pro Impact Non Slip Blue Pack Of 1,814,Brand New,1852,False,
65,Cricket Bat Handle Grips- Premium Quality OCTOPUS Non Slip Red/Silver Pack Of 5 ,2889,Brand New,1852,False,
66,Cricket Bat Handle Grips- Premium Quality OCTOPUS Non Slip Red/Silver Pack Of 1,814,Brand New,1852,False,
67,SS Master Series - M.S Dhoni Players Cricket Bat ,65000,Brand New,1084,False,
68,CW Natural Rubber Army Print Cricket Bat Grips (Camouflage) - Pack of 1,814,Brand New,1852,False,0
69,SG Sunny Gold Cricket Bat ,45000,Brand New,1084,False,
70,SS Master 9000 - Players Cricket Bat,50000,New (Other),1084,False,
71,Gray Nicolls Pro Performance Cricket Bat ,50000,Brand New,1084,False,0
72,SG Triple Crown Classic Cricket Bat - Jason Holder Players - LB & LH ,60000,New (Other),1084,False,
73,BAS Retro Vintage Player Edition Cricket Bat ,60000,Brand New,1084,False,
74,SS/TON Limited Edition Cricket Bat with Retro Stickers. ,33000,Brand New,1084,False,
75,CA Sports Somo Cricket Bat Black Green English Willow,6999,New (Other),1465,False,
76,Cricket Bat Grip Cone Allows Easy Application Of New Grips,2370,Brand New,1852,False,78
77,New Balance Padded Cricket Bat Cover Full Size -BLUE,2444,Brand New,1852,False,
78,Cricket Bat Handle Grips- Premium Quality OCTOPUS Non Slip Red Pack Of 1 CW,814,Brand New,1852,False,
79,Cricket Bat Handle Grips- Premium Quality OZ Grip- Black/Yellow,2889,Brand New,1852,False,
80,Uzi Sports Pro Edition Cricket Bat - Diablo ,29900,New (Other),1084,False,
81,Cricket Bat Handle Grips- Premium Quality Multi Colour Grip- Rainbow Style,2889,Brand New,1852,False,
82,MRF Genius Grand Edition English Willow Cricket Bat - 2020,33500,Brand New,0,False,
83,SS Retro Classic Gutsy English Willow Cricket Bat  NEW,14500,Brand New,1000,False,
84,SG Players Edition English Willow Cricket Bat,38500,Brand New,1000,False,
85,TON Player Edition Cricket Bat - Players Model. ,45000,Brand New,1084,False,
86,Cricket Bat Sticker,1629,Brand New,1778,False,0
87,SG IK Extreme Cricket Bat ,30000,Brand New,1084,False,
88,SS Sunridges Master 99 English Willow Cricket Bat,8000,Brand New,2115,False,
89,Newbery Kudos SPS Players Cricket Bat ,50000,Brand New,1084,False,
90,Gray Nicolls Nemesis SWB7 Cricket Bat ,45000,Brand New,1084,False,
91,CW Cricket Bat Cover Net - 1 Pcs,740,Brand New,1852,False,
92,Cricket Bat Grips- Premium Quality Pro Impact Non Slip Green Pack Of 5 ,2889,Brand New,1852,False,
93,Gray Nicolls Atomic Black Edition Cricket Bat ,45000,Brand New,1084,False,
94,New Balance DC580 DC 580 English Willow Cricket Bat Grade 4 Barely Used 5*SELLER,12999,Pre-Owned,6950,False,
95,SS Gladiator Players Cricket Bat - Sangakkara,55000,Brand New,1084,False,
96,SF Joe Burns Player Edition English Willow Cricket Bat - Small Adult,36596,Brand New,3334,False,
97,SS Limited Edition Cricket Bat - Virat Kohli Profile,35000,Brand New,1084,False,
98,SG IK Ultimate Cricket Bat - Ishan Kishan ,35000,Brand New,1084,False,
99,SS TON Supreme Retro Classic Cricket Bat ,45000,Brand New,1084,False,
100,SS Master 9000 - Players Cricket Bat,50000,New (Other),1084,False,
101,Cricket Bat English Willow Beast THOR Grade 4 Proudly Aussie Owned Brand T20,11111,Brand New,3704,False,
102,Cricket Bat Handle Grips- Premium Quality OCTOPUS Non Slip Orange Pack Of 5 CW,2889,Brand New,1852,False,
103,SS MASTER 5000 English Willow Cricket Bat,16500,Brand New,1000,False,
104,Gray Nicolls Powerbow6 1000 Cricket Bat ,35000,Brand New,1084,False,0
105,TON Reserve Edition - Players Cricket Bat ,60000,Brand New,1084,False,
106,!L@@K NIB/SEALED BRITANNIA CRICKET BAT-ENGLISH WILLOW-2.2 LBS-BLUE/SWIRL HANDLE,6997,Brand New,2000,False,
107,"New Slazenger V100 Advanced Cricket Bat 32"" Long/4"" Wide/10"" Handle",4500,New (Other),1580,False,
108,DSC Player Edition Cricket Bat - Sangakkara ,55000,New (Other),1084,False,
109,SG IK Players Cricket Bat - Ishan Kishan ,65000,Brand New,1084,False,
110,SG IK Players Cricket Bat - Ishan Kishan ,65000,Brand New,1084,False,
111,Vintage 1940s B. Warsop Marylebone Cricket Bat,11500,Pre-Owned,1999,False,
112,SS Professional Cricket Bat - Virat Kohli Profile,30000,Brand New,1084,False,
113,BAS Player Edition Cricket Bat ,55000,Brand New,1084,False,
114,BAS Player Edition Cricket Bat ,55000,Brand New,1084,False,
115,SS Master Series - Players Cricket Bat ,55000,Brand New,1084,False,
116,SG KLR Ultimate Cricket Bat ,35000,Brand New,1084,False,
117,DSC Player Edition Cricket Bat - DJB47 ,55000,New (Other),1084,False,
118,SG Players Xtreme English Willow Cricket Bat,18900,Brand New,1000,False,
119,Gray Nicolls Delta Inception Cricket Bat ,55000,Brand New,1084,False,
120,Gunn & Moore Octane F2 Original Cricket Bat,45000,Brand New,1084,False,
121,New Balance DC1280 Player Edition Cricket Bat ,60000,Brand New,1084,False,
122,TON Player Edition Cricket Bat - Players Model. ,45000,Brand New,1084,False,
123,SS/TON Master 9000 Players Cricket Bat - Murali Vijay ,60000,Brand New,1084,False,
124,BAS Retro Vintage Player Edition Cricket Bat ,60000,Brand New,1084,False,
125,SS Retro Classic Power Plus English Willow Cricket Bat  NEW 2021,25900,Brand New,1000,False,
126,SS/TON Master 5000 Cricket Bat ,25000,Brand New,1084,False,
127,Cricket Bat Handle Grips- Premium Quality Chevron Non Slip Floro Pack Of 5 CW,2815,Brand New,1852,False,
128,Cricket Bat Grips- Premium Quality Pro Impact Non Slip White Pack Of 5,2889,Brand New,1852,False,
130,Cricket Bat Grips- Premium Quality Pro Impact Non Slip White Pack Of 5,2889,Brand New,1852,False,
131,Cricket Bat Grips- Premium Quality Pro Impact Non Slip Purple Pack Of 5 ,2889,Brand New,1852,False,
132,Cricket Bat Handle Grips- Premium Quality OCTOPUS Non Slip Orange Pack Of 3 CW,1778,Brand New,1852,False,
133,New Balance DC 480 Kashmir-Willow Cricket Bat with Bat Cover (2020-21 Edition),10076,Brand New,1852,False,0
134,BAS Retro Vintage Player Edition Cricket Bat ,60000,Brand New,1084,False,
135,Cricket Bat Handle Grips- Premium Quality OCTOPUS Non Slip Orange Pack Of 10 CW,5186,Brand New,1852,False,
136,SS Retro Classic Power Plus English Willow Cricket Bat  NEW 2021,25900,Brand New,1000,False,
137,SS/TON Master 5000 Cricket Bat ,25000,Brand New,1084,False,
138,SS Master 9000 - Players Cricket Bat,50000,New (Other),1084,False,
139,SS Master 9000 Cricket Bat,50000,New (Other),1084,False,
140,"MB Malik Hard & Heavy Tennis Ball Cricket Bat ""TIGER"" ",6999,Brand New,0,False,0
141,Kookaburra Fever Max * Fully Knocked* English Willow Cricket Bat,25000,New (Other),980,False,
142,"MB Malik ""LIMITED EDITION"" Cricket Bat",23499,Brand New,0,False,20
143,Cricket Bat Handle Grips- Premium Quality Chevron Non Slip White Pack Of 10 CW,5186,Brand New,1852,False,
144,Cricket Bat Handle Grips- Premium Quality OCTOPUS Non Slip Orange Pack Of 1 CW,814,Brand New,1852,False,
145,Cricket Bat Handle Grips- Premium Quality Multi Colour Grip- Rainbow Style II,2889,Brand New,1852,False,
146,Cricket Bat TC 540 English Willow With Short Cane Handle+ Free Post+ AU Stock CW,14818,Brand New,1852,False,0
147,SS Retro Classic Super English Willow Cricket Bat  NEW,17500,Brand New,1000,False,
148,Cricket Bat Handle Grips- Premium Quality OCTOPUS Non Slip Red/Silver Pack Of 2 ,1259,Brand New,1852,False,
149,Salix AJK 33 Players Cricket Bat ,55000,Brand New,1084,False,
150,BAS Retro Vintage Player Edition Cricket Bat ,60000,Brand New,1084,False,
151,SG IK Ultimate Cricket Bat - Ishan Kishan ,35000,Brand New,1084,False,
152,SS Tennis Pro SCOOP Range Kashmir Willow Cricket Bat  NEW,5900,Brand New,1000,False,
153,SS Master 9000 - Players Cricket Bat,50000,New (Other),1084,False,
154,ACB KANGA CRICKET BAT PADDLE MADE IN AUSTRALIA,4000,Pre-Owned,1035,False,
155,Slazenger V600 Panther Wood Cricket Bat Hand Made in India Sz. 5 NICE!,4999,Pre-Owned,1185,False,
156,SS Maximus Players Cricket Bat ,45000,Brand New,1084,False,
157,TON Player Edition Cricket Bat - Players Model. ,45000,Brand New,1084,False,
158,Cricket Bat Handle Grips- Premium Quality Chevron Non Slip Floro Pack Of 3 CW,1778,Brand New,1852,False,
159,Cricket Bat Handle Grips- Premium Quality Chevron Non Slip Fluoro Pack Of 1 CW,814,Brand New,1852,False,
160,TON Player Edition Cricket Bat - Players Model. ,45000,Brand New,1084,False,
161,SF Thunder English Willow Cricket Bat - SH,44746,Brand New,3334,False,
162,Bellingham & Smith Fireblade Cricket Bat ,30000,Brand New,1084,False,
163,SS/TON Master 9000 Players Cricket Bat - Murali Vijay ,60000,Brand New,1084,False,
164,SS Vintage 4.0 English Willow Cricket Bat  NEW,18900,Brand New,1000,False,
165,New Balance Size 2 Cricket Bat,2219,Pre-Owned,2734,False,
166,SS Players Cricket Bat - Pro Issue ,60000,Brand New,1084,False,
167,Gautam Gambhir Vintage MRG English Willow Cricket Bat ,50000,Pre-Owned,0,True,
168,Cricket Bat Grips- Premium Quality Pro Impact Non Slip Purple Pack Of 2 ,1259,Brand New,1852,False,
169,Cricket Bat Handle Grips- Premium Quality OCTOPUS Non Slip Red Pack Of 2 CW,1259,Brand New,1852,False,
170,SG Sunny Tonny Xtreme English Willow Cricket Bat (Round Toe),24900,Brand New,1000,False,
171,Plain Players Grade 1 English Willow Cricket Bat - SH - 2lb 9oz ,29564,Brand New,4868,False,
172,"Gray Nichols Handcrafted Cricket bat the Lord's Taverners -32 ""- USA Seller",29999,New (Other),1685,False,
173,SF Blade DC Reserve Edition English Willow Cricket Bat - SH - 2lb 8oz - BAT C,34751,Brand New,4868,False,
174,DSC Bravado Vibes English Willow Cricket Bat,23500,Brand New,1000,False,
175,TON Reserve Edition - Players Cricket Bat ,60000,Brand New,1084,False,
176,SF Joe Burns Player Edition English Willow Cricket Bat - SH,97724,Brand New,3334,False,
177,SF Joe Burns G-2 English Willow Cricket Bat - Youth/Harrow,20295,Brand New,3334,False,
178,Pro Quality Type A English Willow Cricket Bat - Nurtured in the UK,12141,Brand New,4722,False,0
179,DSC Valence Allure English willow cricket bat,39999,Brand New,0,False,0
180,CA CRICKET BAT PLUS 15000 BRAND NEW,44383,Brand New,0,False,
181,SS Vintage 3.0 English Willow Cricket Bat  NEW,22900,Brand New,1000,False,
182,SG Rishabh Pant - R17 Players Cricket Bat,55000,Brand New,1084,False,
183,TON Reserve Edition - Players Cricket Bat ,60000,Brand New,1084,False,
184,SG Rishabh Pant - R17 Players Cricket Bat,55000,Brand New,1084,False,
185,SG Rishabh Pant - R17 Players Cricket Bat,55000,Brand New,1084,False,
186,Sunridges SS Sports Standford Cricket Bat,1799,Pre-Owned,1795,False,0
187,English Willow Cricket Bat with PUMA stickers ***Fully Knocked***,11000,New (Other),980,False,
188,SS TON Gladiator English Willow Cricket Bat,48900,Brand New,1000,False,
189,BCS Belter ** English Willow ** Cricket Bat,17900,New (Other),980,False,
190,Ten Star Cricket Bat Selected Willow Striker Tenstar Club,4499,Pre-Owned,2195,True,
191,SG KLR 1 English Willow Cricket Bat,54900,Brand New,0,False,
192,Protos PRO Thunder **English Willow** Cricket Bat,11000,New (Other),980,False,
193,MRF Drive English Willow Cricket Bat - Boys/Junior,14263,Brand New,3334,False,
194,Custom Made English Willow Cricket Bat Big 40-45 mm Edges + Free Bat Cover,8090,Brand New,0,True,
195,CW Natural Rubber Army Print Cricket Bat Grips (Camouflage) - Buy 4 get 1 Free,2889,Brand New,1852,False,
197,New Balance DC 480 Kashmir-Willow Cricket Bat with Bat Cover (2020-21 Edition),10076,Brand New,1852,False,0
198,Cricket Bat Grips- Premium Quality Pro Impact Non Slip Green Pack Of 2,1259,Brand New,1852,False,
199,Cricket Bat Grips- Premium Quality Pro Impact Non Slip Blue Pack Of 2,1259,Brand New,1852,False,
200,Cricket Bat Handle Grips- Premium Quality OCTOPUS Non Slip Red Pack Of 5 CW,2889,Brand New,1852,False,
201,Larsons RNS Born Tough Cricket Bat Selected Willow,7995,Pre-Owned,1135,False,
202,Cricket Bat Grips- Premium Quality Pro Impact Non Slip Blue Pack Of 5 ,2889,Brand New,1852,False,
203,Sareen Sports - SS Maximus Cricket Bat - Retro Stickers.,35000,Brand New,1084,False,
204,HS PRO EDITION 41 ENGLISH WILLOW CRICKET BAT SHORT HANDEL ,45000,Brand New,1500,False,
205,SG Triple Crown Classic Cricket Bat - Jason Holder Players - LB & LH ,60000,New (Other),1084,False,
206,SG KLR Ultimate Cricket Bat ,35000,Brand New,1084,False,
207,"Pioneer ""PLAIN"" Cricket Bat    ",6499,Brand New,0,False,
208,Cricket Bat Soft Ball turbo +1~ Sports~ Hobby,4500,Pre-Owned,0,False,
209,SS TON Maker's Finest Cricket Bat ,45000,Brand New,1084,False,
210,New Balance Cricket Bat Cover Full Size Carry Case Padded,2444,Brand New,1852,False,18
211,Cricket Bat Handle Grips- Premium Quality OCTOPUS Non Slip Orange Pack Of 5 CW,2889,Brand New,1852,False,
212,Cricket Bat Handle Grips- Premium Quality OCTOPUS Non Slip Red Pack Of 10 CW,5186,Brand New,1852,False,
213,Cricket Bat Handle Grips- Premium Quality Chevron Non Slip White Pack Of 5 CW,2889,Brand New,1852,False,
214,Slazenger V360 Test Cricket Bat kashmir willow size 3,8499,Pre-Owned,1580,True,
215,BDM English Willow Cricket Bat- SH,34500,Pre-Owned,2115,False,
216,SG IK XTREME English Willow Cricket Bat,23900,Brand New,1000,False,
217,Vintage Mitre Cricket Bat European Sport Wooden,7900,Pre-Owned,2500,False,
218,SF Glitz Calibre Grade 1 English Willow Cricket Bat - SH,52896,Brand New,3334,False,
219,"MB Malik""Sarfi""Cricket Bat   ",14499,Brand New,1500,False,34
220,GM Noir DXM 404 English Willow Cricket Bat - SH,26489,Brand New,3334,False,
221,TON Reserve Edition - Players Cricket Bat ,60000,Brand New,1084,False,
222,CA CRICKET BAT SM-18 7 STAR BRAND NEW SHOAIB MALIK,70390,Brand New,0,False,
223,Sareen Sports - SS Maximus Cricket Bat - Retro Stickers.,35000,Brand New,1084,False,
224,SG Roar Limited Edition English Willow Cricket Bat,35999,Brand New,0,False,0
225,Cricket Bat Handle Grips- Premium Quality Chevron Non Slip White Pack Of 1 CW,814,Brand New,1852,False,
226,English Willow Cricket Bat Grade 1st Big Edge 44mm Ready To Play + Free Shipping,7905,Brand New,0,True,
227,SF Joe Burns G-1 English Willow Cricket Bat - SH,65122,Brand New,3334,False,
228,Cricket Bat,11467,Brand New,4722,False,
229,6x OCTOPUS Cricket Bat Grip - BLACK - Oz Stock,2186,Brand New,1556,False,
230,SUNRIDGES Premium Kashmir Willow Cricket BAT Tennis Ball Bat Scoop SIGNED,4995,Pre-Owned,2510,False,
231,SS Retro Classic Power Plus English Willow Cricket Bat  NEW,25900,Brand New,1000,False,
232,TON Player Edition Cricket Bat ,45000,Brand New,1084,False,
233,SS Master Series - Players Cricket Bat ,55000,Brand New,1084,False,
234,Pro Quality English Willow Cricket Bat  huge bargain,12816,Brand New,4722,False,0
235, Cricket Bat Handle Grips- Premium Quality Chevron Non Slip Multi Color Grips,5186,Brand New,1852,False,
236,Cricket Bat Handle Grips- Premium Quality Chevron Non Slip White Pack Of 3 CW,1778,Brand New,1852,False,
237,GM Siren 505 English Willow Cricket Bat - SH,32520,Brand New,3334,False,0
238,"34"" 35oz Cricket Bat Wooden Sixer Hatrack made in Pakistan ",9999,Pre-Owned,1795,False,
239,SG KLR Xtreme English Willow Cricket Bat,21999,Brand New,0,False,0
240,Vintage Cricket Bat 1970’s Special Seasoned Willow long handle Pakistan Hammered,12998,Pre-Owned,2795,True,
241,Slazenger V360 Wooden Ultimate Cricket Bat Hand Crafted English Willow VtG,8999,Pre-Owned,1999,False,
242,Ma It Cricket Bat Pre-Owned ,2000,Pre-Owned,1050,False,
243,SS TON Players Edition Cricket Bat,30000,Brand New,1200,False,
244,SG Sunny Tonny Xtreme English Willow Cricket Bat,24900,Brand New,1000,False,
245,GM Icon 303 English Willow Cricket Bat - SH,18339,Brand New,3334,False,
246,Gray Nicolls Silver English Willow Cricket Bat - SH,70827,Brand New,3334,False,
247,DSC Bravado Swag English willow cricket bat 2019/20 Model,33999,Brand New,0,False,0
248,MB Malik Lala Edition Cricket Bat,32999,Brand New,0,False,0
249,SG Sunny Tonny Classic English Willow Cricket Bat - SH,89573,Brand New,3334,False,
250,SS Master Series - Players Cricket Bat ,55000,Brand New,1084,False,
251,TON Player Edition Cricket Bat ,45000,Brand New,1084,False,
252,New Balance DC1080 Pro Issue Cricket Bat ,55000,Brand New,1084,False,
253,GM Noir 909 English Willow Cricket Bat - Youth/Harrow,30564,Brand New,3334,False,
254,SS TON PLAYER'S English Willow Cricket Bat (Padikkal),61500,Brand New,1000,False,
255,Gray Nicolls Plastic Cricket Bat Nitro NEW Sealed Yellow Red,3999,Brand New,1343,False,
256,Puma EVO Speed Cricket Bat Adult Size SH Kashmir Willow,6669,Pre-Owned,4646,False,
257,SG HP X5 English Willow Cricket Bat - SH,16219,Brand New,3334,False,
258,"MB Malik ""Tiger"" Cricket Bat ",7999,Brand New,0,False,
259,"SUNRIDGES SS TON SUPER SIXES GENUINE WILLOW CRICKET BAT * 30"" * YOUTH",6399,Pre-Owned,2115,True,
260,Newbery Invictus 5 Star English Willow Cricket Bat (Performance Range) - Boys...,26489,Brand New,3334,False,
261,Cricket Bat Handle Grips- Premium Quality OCTOPUS Non Slip Red Pack Of 3 CW,1778,Brand New,1852,False,
262,"SG Scorer Classic Kashmir Willow Cricket Bat (Size: Short Handle, Leather Ball )",11505,Brand New,0,False,
